{
  "preset_id": "station_4r_node_a",
  "approach": "default",
  "engine": "physics",
  "engine_version": "physics-v1",
  "artifact_settings": {
    "speckle_strength": 0.22,
    "reverberation_strength": 0.28,
    "shadow_strength": 0.47
  },
  "eval_summary": {
    "sector": {
      "pixel_count": 8193,
      "mean": 0.05655277147889137,
      "std": 0.05024560168385506,
      "p05": 0.0025483956560492516,
      "p50": 0.05418744310736656,
      "p95": 0.12097511440515518
    },
    "target": {
      "pixel_count": 770,
      "mean": 0.07635704427957535,
      "std": 0.01781960390508175,
      "p05": 0.057623717933893204,
      "p50": 0.07019773125648499,
      "p95": 0.11521364748477936
    },
    "wall": {
      "pixel_count": 6,
      "mean": 0.9404790997505188,
      "std": 0.06002774089574814,
      "p05": 0.8710418939590454,
      "p50": 0.9447716474533081,
      "p95": 1.0
    },
    "vessel": {
      "pixel_count": 1806,
      "mean": 0.006227561738342047,
      "std": 0.007749510463327169,
      "p05": 0.0023120748810470104,
      "p50": 0.002905115718021989,
      "p95": 0.02604145184159279
    },
    "target_contrast_vs_sector": 0.019804272800683975,
    "wall_contrast_vs_sector": 0.8839263282716274,
    "vessel_contrast_vs_sector": -0.050325209740549326
  }
}