{
  "preset_id": "station_11ri_node_a",
  "approach": "default",
  "engine": "physics",
  "engine_version": "physics-v1",
  "artifact_settings": {
    "speckle_strength": 0.18,
    "reverberation_strength": 0.3,
    "shadow_strength": 0.42
  },
  "eval_summary": {
    "sector": {
      "pixel_count": 73729,
      "mean": 0.13493211567401886,
      "std": 0.10362844914197922,
      "p05": 0.054406050592660904,
      "p50": 0.11950607597827911,
      "p95": 0.2872595191001892
    },
    "target": {
      "pixel_count": 108,
      "mean": 0.09222596883773804,
      "std": 0.05006235092878342,
      "p05": 0.062300436198711395,
      "p50": 0.06677289307117462,
      "p95": 0.2155224084854126
    },
    "wall": {
      "pixel_count": 955,
      "mean": 0.7605156898498535,
      "std": 0.2136773020029068,
      "p05": 0.46350711584091187,
      "p50": 0.8546717166900635,
      "p95": 1.0
    },
    "vessel": {
      "pixel_count": 20563,
      "mean": 0.07924528419971466,
      "std": 0.07210811972618103,
      "p05": 0.052588626742362976,
      "p50": 0.06465889513492584,
      "p95": 0.12176225334405899
    },
    "target_contrast_vs_sector": -0.04270614683628082,
    "wall_contrast_vs_sector": 0.6255835741758347,
    "vessel_contrast_vs_sector": -0.0556868314743042
  }
}