{
  "preset_id": "station_11l_node_a",
  "approach": "default",
  "engine": "physics",
  "engine_version": "physics-v1",
  "artifact_settings": {
    "speckle_strength": 0.18,
    "reverberation_strength": 0.3,
    "shadow_strength": 0.42
  },
  "eval_summary": {
    "sector": {
      "pixel_count": 73729,
      "mean": 0.17037510871887207,
      "std": 0.1424414962530136,
      "p05": 0.03512745723128319,
      "p50": 0.128528892993927,
      "p95": 0.4212768077850342
    },
    "target": {
      "pixel_count": 744,
      "mean": 0.22151340544223785,
      "std": 0.10705499351024628,
      "p05": 0.16832728683948517,
      "p50": 0.1914946734905243,
      "p95": 0.39061376452445984
    },
    "wall": {
      "pixel_count": 5503,
      "mean": 0.4191749095916748,
      "std": 0.2784126102924347,
      "p05": 0.07706036418676376,
      "p50": 0.35623690485954285,
      "p95": 0.9901474118232727
    },
    "vessel": {
      "pixel_count": 4320,
      "mean": 0.07518491894006729,
      "std": 0.05902714282274246,
      "p05": 0.04802211746573448,
      "p50": 0.06082254648208618,
      "p95": 0.14335963129997253
    },
    "target_contrast_vs_sector": 0.051138296723365784,
    "wall_contrast_vs_sector": 0.24879980087280273,
    "vessel_contrast_vs_sector": -0.09519018977880478
  }
}