{
  "preset_id": "station_7_node_a",
  "approach": "lms",
  "engine": "physics",
  "engine_version": "physics-v1",
  "artifact_settings": {
    "speckle_strength": 0.18,
    "reverberation_strength": 0.3,
    "shadow_strength": 0.42
  },
  "eval_summary": {
    "sector": {
      "pixel_count": 73729,
      "mean": 0.09670502692461014,
      "std": 0.06647466123104095,
      "p05": 0.035005122423172,
      "p50": 0.09024962782859802,
      "p95": 0.1912044882774353
    },
    "target": {
      "pixel_count": 2929,
      "mean": 0.11298339813947678,
      "std": 0.00862987618893385,
      "p05": 0.10276933014392853,
      "p50": 0.11109020560979843,
      "p95": 0.12780532240867615
    },
    "wall": {
      "pixel_count": 1099,
      "mean": 0.38059428334236145,
      "std": 0.23249830305576324,
      "p05": 0.14481422305107117,
      "p50": 0.30032768845558167,
      "p95": 0.867845892906189
    },
    "vessel": {
      "pixel_count": 774,
      "mean": 0.0445241704583168,
      "std": 0.007744911592453718,
      "p05": 0.04061324894428253,
      "p50": 0.041206665337085724,
      "p95": 0.06442077457904816
    },
    "target_contrast_vs_sector": 0.016278371214866638,
    "wall_contrast_vs_sector": 0.2838892564177513,
    "vessel_contrast_vs_sector": -0.052180856466293335
  }
}