{
  "preset_id": "station_2r_node_a",
  "approach": "default",
  "engine": "physics",
  "engine_version": "physics-v1",
  "artifact_settings": {
    "speckle_strength": 0.18,
    "reverberation_strength": 0.3,
    "shadow_strength": 0.42
  },
  "eval_summary": {
    "sector": {
      "pixel_count": 73729,
      "mean": 0.20866455137729645,
      "std": 0.08058348298072815,
      "p05": 0.13248661160469055,
      "p50": 0.18459098041057587,
      "p95": 0.39409303665161133
    },
    "target": {
      "pixel_count": 4313,
      "mean": 0.30413204431533813,
      "std": 0.026983212679624557,
      "p05": 0.2701526880264282,
      "p50": 0.2995077669620514,
      "p95": 0.34860196709632874
    },
    "wall": {
      "pixel_count": 66,
      "mean": 0.9948118925094604,
      "std": 0.009705823846161366,
      "p05": 0.9761855602264404,
      "p50": 1.0,
      "p95": 1.0
    },
    "vessel": {
      "pixel_count": 0,
      "mean": null,
      "std": null,
      "p05": null,
      "p50": null,
      "p95": null
    },
    "target_contrast_vs_sector": 0.09546749293804169,
    "wall_contrast_vs_sector": 0.786147341132164,
    "vessel_contrast_vs_sector": null
  }
}