{
  "preset_id": "station_4r_node_b",
  "approach": "default",
  "engine": "physics",
  "engine_version": "physics-v1",
  "artifact_settings": {
    "speckle_strength": 0.22,
    "reverberation_strength": 0.28,
    "shadow_strength": 0.47
  },
  "eval_summary": {
    "sector": {
      "pixel_count": 2049,
      "mean": 0.05149766802787781,
      "std": 0.05888793617486954,
      "p05": 0.0033036028034985065,
      "p50": 0.044973473995923996,
      "p95": 0.1065509170293808
    },
    "target": {
      "pixel_count": 285,
      "mean": 0.0861397236585617,
      "std": 0.018578974530100822,
      "p05": 0.06681380420923233,
      "p50": 0.07990026473999023,
      "p95": 0.12765659391880035
    },
    "wall": {
      "pixel_count": 0,
      "mean": null,
      "std": null,
      "p05": null,
      "p50": null,
      "p95": null
    },
    "vessel": {
      "pixel_count": 701,
      "mean": 0.007707620970904827,
      "std": 0.009847437962889671,
      "p05": 0.0031148295383900404,
      "p50": 0.004438275471329689,
      "p95": 0.03145890310406685
    },
    "target_contrast_vs_sector": 0.0346420556306839,
    "wall_contrast_vs_sector": null,
    "vessel_contrast_vs_sector": -0.04379004705697298
  }
}