{
  "preset_id": "station_4l_node_c",
  "approach": "default",
  "engine": "physics",
  "engine_version": "physics-v1",
  "artifact_settings": {
    "speckle_strength": 0.22,
    "reverberation_strength": 0.28,
    "shadow_strength": 0.47
  },
  "eval_summary": {
    "sector": {
      "pixel_count": 8193,
      "mean": 0.05091465264558792,
      "std": 0.058836761862039566,
      "p05": 0.0035264163743704557,
      "p50": 0.03474857658147812,
      "p95": 0.1505257934331894
    },
    "target": {
      "pixel_count": 497,
      "mean": 0.07160380482673645,
      "std": 0.010522979311645031,
      "p05": 0.05882125720381737,
      "p50": 0.06874393671751022,
      "p95": 0.09242551773786545
    },
    "wall": {
      "pixel_count": 6,
      "mean": 0.9142464995384216,
      "std": 0.09890374541282654,
      "p05": 0.7579783797264099,
      "p50": 0.9346197843551636,
      "p95": 1.0
    },
    "vessel": {
      "pixel_count": 2892,
      "mean": 0.0066626956686377525,
      "std": 0.007195132784545422,
      "p05": 0.0032110519241541624,
      "p50": 0.005051382817327976,
      "p95": 0.015829117968678474
    },
    "target_contrast_vs_sector": 0.02068915218114853,
    "wall_contrast_vs_sector": 0.8633318468928337,
    "vessel_contrast_vs_sector": -0.04425195697695017
  }
}