{
  "preset_id": "station_11l_node_a",
  "approach": "default",
  "engine": "physics",
  "engine_version": "physics-v1",
  "artifact_settings": {
    "speckle_strength": 0.22,
    "reverberation_strength": 0.28,
    "shadow_strength": 0.47
  },
  "eval_summary": {
    "sector": {
      "pixel_count": 8193,
      "mean": 0.05861196294426918,
      "std": 0.10878061503171921,
      "p05": 0.0007107182173058391,
      "p50": 0.023249542340636253,
      "p95": 0.2331506460905075
    },
    "target": {
      "pixel_count": 84,
      "mean": 0.05935569480061531,
      "std": 0.04677582159638405,
      "p05": 0.0350823774933815,
      "p50": 0.04651686176657677,
      "p95": 0.12132120132446289
    },
    "wall": {
      "pixel_count": 615,
      "mean": 0.22405949234962463,
      "std": 0.23501400649547577,
      "p05": 0.00416966900229454,
      "p50": 0.1872107833623886,
      "p95": 0.7963204383850098
    },
    "vessel": {
      "pixel_count": 475,
      "mean": 0.023813923820853233,
      "std": 0.07300147414207458,
      "p05": 0.002258413704112172,
      "p50": 0.008443874306976795,
      "p95": 0.06908546388149261
    },
    "target_contrast_vs_sector": 0.0007437318563461304,
    "wall_contrast_vs_sector": 0.16544752940535545,
    "vessel_contrast_vs_sector": -0.03479803912341595
  }
}