{
  "preset_id": "station_10r_node_a",
  "approach": "default",
  "engine": "physics",
  "engine_version": "physics-v1",
  "artifact_settings": {
    "speckle_strength": 0.22,
    "reverberation_strength": 0.28,
    "shadow_strength": 0.47
  },
  "eval_summary": {
    "sector": {
      "pixel_count": 8193,
      "mean": 0.05451793968677521,
      "std": 0.05951536074280739,
      "p05": 0.002957747085019946,
      "p50": 0.05221078172326088,
      "p95": 0.16967801749706268
    },
    "target": {
      "pixel_count": 1132,
      "mean": 0.06797202676534653,
      "std": 0.015243674628436565,
      "p05": 0.0515756830573082,
      "p50": 0.06276436150074005,
      "p95": 0.10027062147855759
    },
    "wall": {
      "pixel_count": 5,
      "mean": 0.902134895324707,
      "std": 0.09623460471630096,
      "p05": 0.7636747360229492,
      "p50": 0.9634367823600769,
      "p95": 0.9871276617050171
    },
    "vessel": {
      "pixel_count": 3014,
      "mean": 0.005862415302544832,
      "std": 0.0063265226781368256,
      "p05": 0.002781747840344906,
      "p50": 0.003942152950912714,
      "p95": 0.020888619124889374
    },
    "target_contrast_vs_sector": 0.01345408707857132,
    "wall_contrast_vs_sector": 0.8476169556379318,
    "vessel_contrast_vs_sector": -0.048655524384230375
  }
}