{
  "preset_id": "station_7_node_a",
  "approach": "rms",
  "engine": "physics",
  "engine_version": "physics-v1",
  "artifact_settings": {
    "speckle_strength": 0.18,
    "reverberation_strength": 0.3,
    "shadow_strength": 0.42
  },
  "eval_summary": {
    "sector": {
      "pixel_count": 73729,
      "mean": 0.20151808857917786,
      "std": 0.10315552353858948,
      "p05": 0.04998096451163292,
      "p50": 0.21262876689434052,
      "p95": 0.35726669430732727
    },
    "target": {
      "pixel_count": 7251,
      "mean": 0.24241036176681519,
      "std": 0.04362023249268532,
      "p05": 0.18640390038490295,
      "p50": 0.23616084456443787,
      "p95": 0.3241165578365326
    },
    "wall": {
      "pixel_count": 903,
      "mean": 0.5103804469108582,
      "std": 0.1890556961297989,
      "p05": 0.37398266792297363,
      "p50": 0.44827359914779663,
      "p95": 1.0
    },
    "vessel": {
      "pixel_count": 15449,
      "mean": 0.053204379975795746,
      "std": 0.010451911948621273,
      "p05": 0.04855190962553024,
      "p50": 0.051429085433483124,
      "p95": 0.05657445266842842
    },
    "target_contrast_vs_sector": 0.04089227318763733,
    "wall_contrast_vs_sector": 0.3088623583316803,
    "vessel_contrast_vs_sector": -0.1483137086033821
  }
}