{
  "preset_id": "station_4l_node_a",
  "approach": "default",
  "engine": "physics",
  "engine_version": "physics-v1",
  "artifact_settings": {
    "speckle_strength": 0.22,
    "reverberation_strength": 0.28,
    "shadow_strength": 0.47
  },
  "eval_summary": {
    "sector": {
      "pixel_count": 8193,
      "mean": 0.034187957644462585,
      "std": 0.08676808327436447,
      "p05": 0.0,
      "p50": 0.025279344990849495,
      "p95": 0.07832998037338257
    },
    "target": {
      "pixel_count": 1204,
      "mean": 0.03332679718732834,
      "std": 0.00826162751764059,
      "p05": 0.02457055076956749,
      "p50": 0.030347533524036407,
      "p95": 0.050560519099235535
    },
    "wall": {
      "pixel_count": 34,
      "mean": 0.8865234851837158,
      "std": 0.14811971783638,
      "p05": 0.5173888802528381,
      "p50": 0.9724557399749756,
      "p95": 1.0
    },
    "vessel": {
      "pixel_count": 2951,
      "mean": 0.0035356178414076567,
      "std": 0.0035185806918889284,
      "p05": 0.0016826766077429056,
      "p50": 0.0027026452589780092,
      "p95": 0.008658762089908123
    },
    "target_contrast_vs_sector": -0.0008611604571342468,
    "wall_contrast_vs_sector": 0.8523355275392532,
    "vessel_contrast_vs_sector": -0.03065233980305493
  }
}