{
  "preset_id": "station_4r_node_b",
  "approach": "default",
  "engine": "physics",
  "engine_version": "physics-v1",
  "artifact_settings": {
    "speckle_strength": 0.22,
    "reverberation_strength": 0.28,
    "shadow_strength": 0.47
  },
  "eval_summary": {
    "sector": {
      "pixel_count": 2049,
      "mean": 0.05149766802787781,
      "std": 0.05888793617486954,
      "p05": 0.0033036028034985065,
      "p50": 0.044973473995923996,
      "p95": 0.1065509170293808
    },
    "target": {
      "pixel_count": 285,
      "mean": 0.0861397236585617,
      "std": 0.018578974530100822,
      "p05": 0.06681380420923233,
      "p50": 0.07990026473999023,
      "p95": 0.12765659391880035
    },
    "wall": {
      "pixel_count": 3,
      "mean": 0.9198676943778992,
      "std": 0.0303513053804636,
      "p05": 0.8895087838172913,
      "p50": 0.9124563932418823,
      "p95": 0.9554145336151123
    },
    "vessel": {
      "pixel_count": 702,
      "mean": 0.0078087071888148785,
      "std": 0.010197893716394901,
      "p05": 0.003115426516160369,
      "p50": 0.004439765587449074,
      "p95": 0.031716518104076385
    },
    "target_contrast_vs_sector": 0.0346420556306839,
    "wall_contrast_vs_sector": 0.8683700263500214,
    "vessel_contrast_vs_sector": -0.04368896083906293
  }
}