{
  "preset_id": "station_7_node_a",
  "approach": "lms",
  "engine": "physics",
  "engine_version": "physics-v1",
  "artifact_settings": {
    "speckle_strength": 0.22,
    "reverberation_strength": 0.28,
    "shadow_strength": 0.47
  },
  "eval_summary": {
    "sector": {
      "pixel_count": 8193,
      "mean": 0.004057843238115311,
      "std": 0.0169951431453228,
      "p05": 0.0,
      "p50": 0.0020427724812179804,
      "p95": 0.010471506975591183
    },
    "target": {
      "pixel_count": 326,
      "mean": 0.0032589889597147703,
      "std": 0.000557051389478147,
      "p05": 0.002650209702551365,
      "p50": 0.003134333761408925,
      "p95": 0.004216395318508148
    },
    "wall": {
      "pixel_count": 123,
      "mean": 0.04293733462691307,
      "std": 0.0920490026473999,
      "p05": 0.00490498635917902,
      "p50": 0.02255353517830372,
      "p95": 0.09819447994232178
    },
    "vessel": {
      "pixel_count": 98,
      "mean": 0.0006003080052323639,
      "std": 0.0004436165909282863,
      "p05": 0.00015169598918873817,
      "p50": 0.0004450197156984359,
      "p95": 0.0013674476649612188
    },
    "target_contrast_vs_sector": -0.0007988542784005404,
    "wall_contrast_vs_sector": 0.03887949138879776,
    "vessel_contrast_vs_sector": -0.0034575352328829467
  }
}