{
  "preset_id": "station_11ri_node_a",
  "approach": "default",
  "engine": "physics",
  "engine_version": "physics-v1",
  "artifact_settings": {
    "speckle_strength": 0.22,
    "reverberation_strength": 0.28,
    "shadow_strength": 0.47
  },
  "eval_summary": {
    "sector": {
      "pixel_count": 8193,
      "mean": 0.03244831785559654,
      "std": 0.07964310050010681,
      "p05": 0.003962620161473751,
      "p50": 0.017766516655683517,
      "p95": 0.0825892984867096
    },
    "target": {
      "pixel_count": 14,
      "mean": 0.018364405259490013,
      "std": 0.018518326804041862,
      "p05": 0.005891213193535805,
      "p50": 0.0086421649903059,
      "p95": 0.056124698370695114
    },
    "wall": {
      "pixel_count": 107,
      "mean": 0.505745530128479,
      "std": 0.2889648377895355,
      "p05": 0.20153123140335083,
      "p50": 0.4347808361053467,
      "p95": 0.9954807758331299
    },
    "vessel": {
      "pixel_count": 2278,
      "mean": 0.01893339492380619,
      "std": 0.047087714076042175,
      "p05": 0.0033956123515963554,
      "p50": 0.007039916235953569,
      "p95": 0.07791230082511902
    },
    "target_contrast_vs_sector": -0.01408391259610653,
    "wall_contrast_vs_sector": 0.47329721227288246,
    "vessel_contrast_vs_sector": -0.013514922931790352
  }
}