{
  "preset_id": "station_7_node_a",
  "approach": "rms",
  "engine": "physics",
  "engine_version": "physics-v1",
  "artifact_settings": {
    "speckle_strength": 0.22,
    "reverberation_strength": 0.28,
    "shadow_strength": 0.47
  },
  "eval_summary": {
    "sector": {
      "pixel_count": 8193,
      "mean": 0.04917319491505623,
      "std": 0.054604630917310715,
      "p05": 0.0025980097707360983,
      "p50": 0.04608052223920822,
      "p95": 0.11065006256103516
    },
    "target": {
      "pixel_count": 807,
      "mean": 0.0612579770386219,
      "std": 0.01781553216278553,
      "p05": 0.039756570011377335,
      "p50": 0.058223649859428406,
      "p95": 0.096591055393219
    },
    "wall": {
      "pixel_count": 104,
      "mean": 0.22737565636634827,
      "std": 0.24515223503112793,
      "p05": 0.0910678282380104,
      "p50": 0.1447059065103531,
      "p95": 0.9538845419883728
    },
    "vessel": {
      "pixel_count": 1724,
      "mean": 0.004448737949132919,
      "std": 0.00526002561673522,
      "p05": 0.002287747338414192,
      "p50": 0.0029885168187320232,
      "p95": 0.015087788924574852
    },
    "target_contrast_vs_sector": 0.012084782123565674,
    "wall_contrast_vs_sector": 0.17820246145129204,
    "vessel_contrast_vs_sector": -0.04472445696592331
  }
}