{
  "preset_id": "station_4l_node_a",
  "approach": "default",
  "engine": "physics",
  "engine_version": "physics-v1",
  "artifact_settings": {
    "speckle_strength": 0.18,
    "reverberation_strength": 0.3,
    "shadow_strength": 0.42
  },
  "eval_summary": {
    "sector": {
      "pixel_count": 73729,
      "mean": 0.14945559203624725,
      "std": 0.12080682814121246,
      "p05": 0.03502331301569939,
      "p50": 0.16185571253299713,
      "p95": 0.33439400792121887
    },
    "target": {
      "pixel_count": 10862,
      "mean": 0.18834678828716278,
      "std": 0.03191042318940163,
      "p05": 0.1558038741350174,
      "p50": 0.17832575738430023,
      "p95": 0.24970127642154694
    },
    "wall": {
      "pixel_count": 252,
      "mean": 0.998708188533783,
      "std": 0.008186040446162224,
      "p05": 1.0,
      "p50": 1.0,
      "p95": 1.0
    },
    "vessel": {
      "pixel_count": 26471,
      "mean": 0.05261806398630142,
      "std": 0.00827211607247591,
      "p05": 0.04644894599914551,
      "p50": 0.05125049129128456,
      "p95": 0.05927737057209015
    },
    "target_contrast_vs_sector": 0.03889119625091553,
    "wall_contrast_vs_sector": 0.8492525964975357,
    "vessel_contrast_vs_sector": -0.09683752804994583
  }
}