{
  "preset_id": "station_4r_node_b",
  "approach": "default",
  "engine": "physics",
  "engine_version": "physics-v1",
  "artifact_settings": {
    "speckle_strength": 0.22,
    "reverberation_strength": 0.28,
    "shadow_strength": 0.47
  },
  "eval_summary": {
    "sector": {
      "pixel_count": 8193,
      "mean": 0.0533856563270092,
      "std": 0.05185643211007118,
      "p05": 0.0035294843837618828,
      "p50": 0.04922226071357727,
      "p95": 0.11716777831315994
    },
    "target": {
      "pixel_count": 1155,
      "mean": 0.09170109778642654,
      "std": 0.020091045647859573,
      "p05": 0.07035522907972336,
      "p50": 0.08554331213235855,
      "p95": 0.13627474009990692
    },
    "wall": {
      "pixel_count": 5,
      "mean": 0.9278383255004883,
      "std": 0.0910569280385971,
      "p05": 0.7873236536979675,
      "p50": 0.9724385738372803,
      "p95": 0.9956957697868347
    },
    "vessel": {
      "pixel_count": 2847,
      "mean": 0.006550533231347799,
      "std": 0.007610352244228125,
      "p05": 0.00321811786852777,
      "p50": 0.004585287068039179,
      "p95": 0.020625626668334007
    },
    "target_contrast_vs_sector": 0.03831544145941734,
    "wall_contrast_vs_sector": 0.8744526691734791,
    "vessel_contrast_vs_sector": -0.0468351230956614
  }
}