{
  "preset_id": "station_2l_node_a",
  "approach": "default",
  "engine": "physics",
  "engine_version": "physics-v1",
  "artifact_settings": {
    "speckle_strength": 0.22,
    "reverberation_strength": 0.28,
    "shadow_strength": 0.47
  },
  "eval_summary": {
    "sector": {
      "pixel_count": 8193,
      "mean": 0.03435281664133072,
      "std": 0.04809529706835747,
      "p05": 0.005342987831681967,
      "p50": 0.021448777988553047,
      "p95": 0.11668103188276291
    },
    "target": {
      "pixel_count": 208,
      "mean": 0.10438954830169678,
      "std": 0.022405128926038742,
      "p05": 0.08737511187791824,
      "p50": 0.09842769801616669,
      "p95": 0.13666962087154388
    },
    "wall": {
      "pixel_count": 3,
      "mean": 0.9652099013328552,
      "std": 0.04382608085870743,
      "p05": 0.9122771620750427,
      "p50": 0.9922369718551636,
      "p95": 0.9992237091064453
    },
    "vessel": {
      "pixel_count": 3923,
      "mean": 0.010487383231520653,
      "std": 0.009829229675233364,
      "p05": 0.004975616931915283,
      "p50": 0.00859830155968666,
      "p95": 0.01702888496220112
    },
    "target_contrast_vs_sector": 0.07003673166036606,
    "wall_contrast_vs_sector": 0.9308570846915245,
    "vessel_contrast_vs_sector": -0.023865433409810066
  }
}