{
  "preset_id": "station_4r_node_a",
  "approach": "default",
  "engine": "physics",
  "engine_version": "physics-v1",
  "artifact_settings": {
    "speckle_strength": 0.18,
    "reverberation_strength": 0.3,
    "shadow_strength": 0.42
  },
  "eval_summary": {
    "sector": {
      "pixel_count": 73729,
      "mean": 0.23179328441619873,
      "std": 0.11358284205198288,
      "p05": 0.050503868609666824,
      "p50": 0.24746394157409668,
      "p95": 0.3998048007488251
    },
    "target": {
      "pixel_count": 6978,
      "mean": 0.29088687896728516,
      "std": 0.04003121331334114,
      "p05": 0.24407914280891418,
      "p50": 0.27887964248657227,
      "p95": 0.3749381899833679
    },
    "wall": {
      "pixel_count": 39,
      "mean": 1.0,
      "std": 0.0,
      "p05": 1.0,
      "p50": 1.0,
      "p95": 1.0
    },
    "vessel": {
      "pixel_count": 15978,
      "mean": 0.05615493282675743,
      "std": 0.015958594158291817,
      "p05": 0.04939761757850647,
      "p50": 0.05183461681008339,
      "p95": 0.0746515542268753
    },
    "target_contrast_vs_sector": 0.059093594551086426,
    "wall_contrast_vs_sector": 0.7682067155838013,
    "vessel_contrast_vs_sector": -0.1756383515894413
  }
}